{
  "accuracy": 0.998109640831758,
  "precision_judi": 1.0,
  "recall_judi": 0.9962347034828993,
  "f1_judi": 0.9981138006916064
}